Plot Title: JB_Leg_3Jul19,,,,,,,,
#,"Date Time, GMT+00:00","Temp, °C (LGR S/N: 10517214, SEN S/N: 10517214)","Intensity, Lux (LGR S/N: 10517214, SEN S/N: 10517214)",Host Connected (LGR S/N: 10517214),Coupler Detached (LGR S/N: 10517214),Coupler Attached (LGR S/N: 10517214),Stopped (LGR S/N: 10517214),End Of File (LGR S/N: 10517214)
1,2019-07-03 08:30:00,23.581,0,,,,,
2,2019-07-03 08:31:00,,,Logged,,,,
3,2019-07-03 08:31:00,,,,Logged,,,
4,2019-07-03 09:00:00,20.805,0,,,,,
5,2019-07-03 09:30:00,20.329,32.3,,,,,
6,2019-07-03 10:00:00,16.808,32.3,,,,,
7,2019-07-03 10:30:00,17.094,2325,,,,,
8,2019-07-03 11:00:00,14.134,592,,,,,
9,2019-07-03 11:30:00,15.091,18600.1,,,,,
10,2019-07-03 12:00:00,15.855,13777.9,,,,,
11,2019-07-03 12:30:00,18.426,34444.7,,,,,
12,2019-07-03 13:00:00,21.855,88178.4,,,,,
13,2019-07-03 13:30:00,19.567,41333.6,,,,,
14,2019-07-03 14:00:00,26.195,79911.6,,,,,
15,2019-07-03 14:30:00,21.282,88178.4,,,,,
16,2019-07-03 15:00:00,11.916,4650,,,,,
17,2019-07-03 15:30:00,11.916,4822.3,,,,,
18,2019-07-03 16:00:00,12.013,6200,,,,,
19,2019-07-03 16:30:00,11.916,2927.8,,,,,
20,2019-07-03 17:00:00,11.722,1894.5,,,,,
21,2019-07-03 17:30:00,11.722,1636.1,,,,,
22,2019-07-03 18:00:00,11.625,1550,,,,,
23,2019-07-03 18:30:00,11.625,1636.1,,,,,
24,2019-07-03 19:00:00,11.722,1463.9,,,,,
25,2019-07-03 19:30:00,11.722,1313.2,,,,,
26,2019-07-03 20:00:00,11.722,710.4,,,,,
27,2019-07-03 20:30:00,12.11,419.8,,,,,
28,2019-07-03 21:00:00,12.497,226,,,,,
29,2019-07-03 21:30:00,12.401,161.5,,,,,
30,2019-07-03 22:00:00,12.497,64.6,,,,,
31,2019-07-03 22:30:00,12.497,10.8,,,,,
32,2019-07-03 23:00:00,12.497,0,,,,,
33,2019-07-03 23:30:00,12.497,10.8,,,,,
34,2019-07-04 00:00:00,12.401,0,,,,,
35,2019-07-04 00:30:00,12.304,0,,,,,
36,2019-07-04 01:00:00,12.013,0,,,,,
37,2019-07-04 01:30:00,12.013,0,,,,,
38,2019-07-04 02:00:00,11.916,0,,,,,
39,2019-07-04 02:30:00,11.722,10.8,,,,,
40,2019-07-04 03:00:00,11.722,21.5,,,,,
41,2019-07-04 03:30:00,11.722,64.6,,,,,
42,2019-07-04 04:00:00,11.722,129.2,,,,,
43,2019-07-04 04:30:00,11.625,473.6,,,,,
44,2019-07-04 05:00:00,11.625,807.3,,,,,
45,2019-07-04 05:30:00,11.625,1194.8,,,,,
46,2019-07-04 06:00:00,11.625,1162.5,,,,,
47,2019-07-04 06:30:00,11.528,1550,,,,,
48,2019-07-04 07:00:00,11.819,3788.9,,,,,
49,2019-07-04 07:30:00,11.819,3788.9,,,,,
50,2019-07-04 08:00:00,11.722,2755.6,,,,,
51,2019-07-04 08:30:00,11.722,2325,,,,,
52,2019-07-04 09:00:00,11.819,2669.5,,,,,
53,2019-07-04 09:30:00,11.819,2755.6,,,,,
54,2019-07-04 10:00:00,11.916,1980.6,,,,,
55,2019-07-04 10:30:00,12.013,2497.2,,,,,
56,2019-07-04 11:00:00,12.013,2669.5,,,,,
57,2019-07-04 11:30:00,12.013,2497.2,,,,,
58,2019-07-04 12:00:00,12.207,9644.5,,,,,
59,2019-07-04 12:30:00,12.401,14466.8,,,,,
60,2019-07-04 13:00:00,12.401,9644.5,,,,,
61,2019-07-04 13:30:00,12.497,15844.5,,,,,
62,2019-07-04 14:00:00,12.594,11711.2,,,,,
63,2019-07-04 14:30:00,12.594,5511.1,,,,,
64,2019-07-04 15:00:00,12.69,5338.9,,,,,
65,2019-07-04 15:30:00,12.594,2669.5,,,,,
66,2019-07-04 16:00:00,12.497,2411.1,,,,,
67,2019-07-04 16:30:00,12.497,4477.8,,,,,
68,2019-07-04 17:00:00,12.401,1722.2,,,,,
69,2019-07-04 17:30:00,12.304,1345.5,,,,,
70,2019-07-04 18:00:00,12.304,2755.6,,,,,
71,2019-07-04 18:30:00,12.207,2411.1,,,,,
72,2019-07-04 19:00:00,12.207,1463.9,,,,,
73,2019-07-04 19:30:00,12.207,1463.9,,,,,
74,2019-07-04 20:00:00,12.304,1463.9,,,,,
75,2019-07-04 20:30:00,12.207,1194.8,,,,,
76,2019-07-04 21:00:00,12.11,1119.5,,,,,
77,2019-07-04 21:30:00,12.013,527.4,,,,,
78,2019-07-04 22:00:00,12.11,258.3,,,,,
79,2019-07-04 22:30:00,11.916,183,,,,,
80,2019-07-04 23:00:00,11.916,75.3,,,,,
81,2019-07-04 23:30:00,11.819,0,,,,,
82,2019-07-05 00:00:00,11.722,0,,,,,
83,2019-07-05 00:30:00,11.722,0,,,,,
84,2019-07-05 01:00:00,11.722,0,,,,,
85,2019-07-05 01:30:00,11.722,0,,,,,
86,2019-07-05 02:00:00,11.625,0,,,,,
87,2019-07-05 02:30:00,11.625,0,,,,,
88,2019-07-05 03:00:00,11.625,0,,,,,
89,2019-07-05 03:30:00,11.625,21.5,,,,,
90,2019-07-05 04:00:00,11.625,107.6,,,,,
91,2019-07-05 04:30:00,11.625,193.8,,,,,
92,2019-07-05 05:00:00,11.625,75.3,,,,,
93,2019-07-05 05:30:00,11.625,75.3,,,,,
94,2019-07-05 06:00:00,11.625,161.5,,,,,
95,2019-07-05 06:30:00,11.625,355.2,,,,,
96,2019-07-05 07:00:00,11.625,409,,,,,
97,2019-07-05 07:30:00,11.819,1119.5,,,,,
98,2019-07-05 08:00:00,11.819,1119.5,,,,,
99,2019-07-05 08:30:00,11.916,1377.8,,,,,
100,2019-07-05 09:00:00,12.013,1033.3,,,,,
101,2019-07-05 09:30:00,12.11,1313.2,,,,,
102,2019-07-05 10:00:00,12.11,1291.7,,,,,
103,2019-07-05 10:30:00,12.11,1722.2,,,,,
104,2019-07-05 11:00:00,12.11,1270.1,,,,,
105,2019-07-05 11:30:00,12.207,2583.4,,,,,
106,2019-07-05 12:00:00,12.304,3788.9,,,,,
107,2019-07-05 12:30:00,12.304,1270.1,,,,,
108,2019-07-05 13:00:00,12.304,1463.9,,,,,
109,2019-07-05 13:30:00,12.304,2497.2,,,,,
110,2019-07-05 14:00:00,12.304,1722.2,,,,,
111,2019-07-05 14:30:00,12.207,4477.8,,,,,
112,2019-07-05 15:00:00,12.013,4305.6,,,,,
113,2019-07-05 15:30:00,11.916,1980.6,,,,,
114,2019-07-05 16:00:00,12.013,3272.2,,,,,
115,2019-07-05 16:30:00,12.013,3272.2,,,,,
116,2019-07-05 17:00:00,12.11,3788.9,,,,,
117,2019-07-05 17:30:00,12.11,3788.9,,,,,
118,2019-07-05 18:00:00,12.013,1894.5,,,,,
119,2019-07-05 18:30:00,11.916,1313.2,,,,,
120,2019-07-05 19:00:00,11.916,1808.3,,,,,
121,2019-07-05 19:30:00,12.013,731.9,,,,,
122,2019-07-05 20:00:00,12.013,484.4,,,,,
123,2019-07-05 20:30:00,12.013,366,,,,,
124,2019-07-05 21:00:00,12.013,355.2,,,,,
125,2019-07-05 21:30:00,11.916,301.4,,,,,
126,2019-07-05 22:00:00,11.916,236.8,,,,,
127,2019-07-05 22:30:00,11.916,129.2,,,,,
128,2019-07-05 23:00:00,11.916,75.3,,,,,
129,2019-07-05 23:30:00,11.916,43.1,,,,,
130,2019-07-06 00:00:00,11.819,21.5,,,,,
131,2019-07-06 00:30:00,11.819,10.8,,,,,
132,2019-07-06 01:00:00,11.819,0,,,,,
133,2019-07-06 01:30:00,11.722,0,,,,,
134,2019-07-06 02:00:00,11.625,0,,,,,
135,2019-07-06 02:30:00,11.625,0,,,,,
136,2019-07-06 03:00:00,11.625,10.8,,,,,
137,2019-07-06 03:30:00,11.625,32.3,,,,,
138,2019-07-06 04:00:00,11.528,75.3,,,,,
139,2019-07-06 04:30:00,11.431,129.2,,,,,
140,2019-07-06 05:00:00,11.334,247.6,,,,,
141,2019-07-06 05:30:00,11.334,527.4,,,,,
142,2019-07-06 06:00:00,11.334,904.2,,,,,
143,2019-07-06 06:30:00,11.334,1184,,,,,
144,2019-07-06 07:00:00,11.334,1550,,,,,
145,2019-07-06 07:30:00,11.334,2411.1,,,,,
146,2019-07-06 08:00:00,11.334,2755.6,,,,,
147,2019-07-06 08:30:00,11.431,2927.8,,,,,
148,2019-07-06 09:00:00,11.431,2755.6,,,,,
149,2019-07-06 09:30:00,11.334,2583.4,,,,,
150,2019-07-06 10:00:00,11.431,3788.9,,,,,
151,2019-07-06 10:30:00,11.431,4133.4,,,,,
152,2019-07-06 11:00:00,11.334,3616.7,,,,,
153,2019-07-06 11:30:00,11.431,6200,,,,,
154,2019-07-06 12:00:00,11.334,6200,,,,,
155,2019-07-06 12:30:00,11.722,6544.5,,,,,
156,2019-07-06 13:00:00,11.916,7233.4,,,,,
157,2019-07-06 13:30:00,12.013,6544.5,,,,,
158,2019-07-06 14:00:00,11.916,5166.7,,,,,
159,2019-07-06 14:30:00,11.916,4650,,,,,
160,2019-07-06 15:00:00,11.916,2927.8,,,,,
161,2019-07-06 15:30:00,11.819,3788.9,,,,,
162,2019-07-06 16:00:00,11.819,3444.5,,,,,
163,2019-07-06 16:30:00,11.916,3100,,,,,
164,2019-07-06 17:00:00,11.916,2755.6,,,,,
165,2019-07-06 17:30:00,11.916,2927.8,,,,,
166,2019-07-06 18:00:00,11.722,2411.1,,,,,
167,2019-07-06 18:30:00,11.722,2411.1,,,,,
168,2019-07-06 19:00:00,11.722,2411.1,,,,,
169,2019-07-06 19:30:00,11.819,1463.9,,,,,
170,2019-07-06 20:00:00,11.916,1022.6,,,,,
171,2019-07-06 20:30:00,11.916,861.1,,,,,
172,2019-07-06 21:00:00,12.013,613.5,,,,,
173,2019-07-06 21:30:00,12.013,462.9,,,,,
174,2019-07-06 22:00:00,12.013,204.5,,,,,
175,2019-07-06 22:30:00,12.11,139.9,,,,,
176,2019-07-06 23:00:00,12.013,96.9,,,,,
177,2019-07-06 23:30:00,12.11,53.8,,,,,
178,2019-07-07 00:00:00,11.916,21.5,,,,,
179,2019-07-07 00:30:00,11.819,10.8,,,,,
180,2019-07-07 01:00:00,11.916,0,,,,,
181,2019-07-07 01:30:00,11.819,10.8,,,,,
182,2019-07-07 02:00:00,11.819,10.8,,,,,
183,2019-07-07 02:30:00,11.722,32.3,,,,,
184,2019-07-07 03:00:00,11.819,43.1,,,,,
185,2019-07-07 03:30:00,11.722,43.1,,,,,
186,2019-07-07 04:00:00,11.722,96.9,,,,,
187,2019-07-07 04:30:00,11.625,107.6,,,,,
188,2019-07-07 05:00:00,11.625,193.8,,,,,
189,2019-07-07 05:30:00,11.625,602.8,,,,,
190,2019-07-07 06:00:00,11.625,473.6,,,,,
191,2019-07-07 06:30:00,11.625,409,,,,,
192,2019-07-07 07:00:00,11.528,968.8,,,,,
193,2019-07-07 07:30:00,11.528,1550,,,,,
194,2019-07-07 08:00:00,11.528,1119.5,,,,,
195,2019-07-07 08:30:00,11.431,2066.7,,,,,
196,2019-07-07 09:00:00,11.334,914.9,,,,,
197,2019-07-07 09:30:00,11.236,602.8,,,,,
198,2019-07-07 10:00:00,11.334,688.9,,,,,
199,2019-07-07 10:30:00,11.334,1550,,,,,
200,2019-07-07 11:00:00,11.334,1184,,,,,
201,2019-07-07 11:30:00,11.528,4305.6,,,,,
202,2019-07-07 12:00:00,11.528,1270.1,,,,,
203,2019-07-07 12:30:00,11.528,1194.8,,,,,
204,2019-07-07 13:00:00,11.528,1550,,,,,
205,2019-07-07 13:30:00,11.528,2669.5,,,,,
206,2019-07-07 14:00:00,11.528,3100,,,,,
207,2019-07-07 14:30:00,11.431,1162.5,,,,,
208,2019-07-07 15:00:00,11.431,2755.6,,,,,
209,2019-07-07 15:30:00,11.431,914.9,,,,,
210,2019-07-07 16:00:00,11.431,1345.5,,,,,
211,2019-07-07 16:30:00,11.236,861.1,,,,,
212,2019-07-07 17:00:00,11.041,731.9,,,,,
213,2019-07-07 17:30:00,11.041,688.9,,,,,
214,2019-07-07 18:00:00,11.041,538.2,,,,,
215,2019-07-07 18:30:00,10.944,269.1,,,,,
216,2019-07-07 19:00:00,10.846,204.5,,,,,
217,2019-07-07 19:30:00,10.846,172.2,,,,,
218,2019-07-07 20:00:00,10.846,139.9,,,,,
219,2019-07-07 20:30:00,10.748,172.2,,,,,
220,2019-07-07 21:00:00,10.748,204.5,,,,,
221,2019-07-07 21:30:00,10.748,107.6,,,,,
222,2019-07-07 22:00:00,10.846,75.3,,,,,
223,2019-07-07 22:30:00,10.748,32.3,,,,,
224,2019-07-07 23:00:00,10.748,10.8,,,,,
225,2019-07-07 23:30:00,10.748,0,,,,,
226,2019-07-08 00:00:00,10.651,0,,,,,
227,2019-07-08 00:30:00,10.553,0,,,,,
228,2019-07-08 01:00:00,10.553,0,,,,,
229,2019-07-08 01:30:00,10.553,0,,,,,
230,2019-07-08 02:00:00,10.553,0,,,,,
231,2019-07-08 02:30:00,10.553,0,,,,,
232,2019-07-08 03:00:00,10.651,21.5,,,,,
233,2019-07-08 03:30:00,10.651,32.3,,,,,
234,2019-07-08 04:00:00,10.748,86.1,,,,,
235,2019-07-08 04:30:00,10.651,118.4,,,,,
236,2019-07-08 05:00:00,10.748,193.8,,,,,
237,2019-07-08 05:30:00,10.651,419.8,,,,,
238,2019-07-08 06:00:00,10.651,559.7,,,,,
239,2019-07-08 06:30:00,10.651,699.7,,,,,
240,2019-07-08 07:00:00,10.651,850.4,,,,,
241,2019-07-08 07:30:00,10.748,1291.7,,,,,
242,2019-07-08 08:00:00,10.748,1463.9,,,,,
243,2019-07-08 08:30:00,10.748,1636.1,,,,,
244,2019-07-08 09:00:00,10.748,1722.2,,,,,
245,2019-07-08 09:30:00,10.846,2497.2,,,,,
246,2019-07-08 10:00:00,11.041,4133.4,,,,,
247,2019-07-08 10:30:00,11.139,4133.4,,,,,
248,2019-07-08 11:00:00,11.236,4477.8,,,,,
249,2019-07-08 11:30:00,11.334,5511.1,,,,,
250,2019-07-08 12:00:00,11.334,4650,,,,,
251,2019-07-08 12:30:00,11.334,4994.5,,,,,
252,2019-07-08 13:00:00,11.334,3272.2,,,,,
253,2019-07-08 13:30:00,11.334,3616.7,,,,,
254,2019-07-08 14:00:00,11.334,2927.8,,,,,
255,2019-07-08 14:30:00,11.334,1722.2,,,,,
256,2019-07-08 15:00:00,11.431,1550,,,,,
257,2019-07-08 15:30:00,11.431,1894.5,,,,,
258,2019-07-08 16:00:00,11.431,1808.3,,,,,
259,2019-07-08 16:30:00,11.431,1894.5,,,,,
260,2019-07-08 17:00:00,11.334,2152.8,,,,,
261,2019-07-08 17:30:00,11.236,1808.3,,,,,
262,2019-07-08 18:00:00,11.236,1894.5,,,,,
263,2019-07-08 18:30:00,11.236,1636.1,,,,,
264,2019-07-08 19:00:00,11.139,1044.1,,,,,
265,2019-07-08 19:30:00,11.139,1001,,,,,
266,2019-07-08 20:00:00,11.041,699.7,,,,,
267,2019-07-08 20:30:00,10.944,409,,,,,
268,2019-07-08 21:00:00,10.944,419.8,,,,,
269,2019-07-08 21:30:00,10.944,269.1,,,,,
270,2019-07-08 22:00:00,11.041,172.2,,,,,
271,2019-07-08 22:30:00,11.236,129.2,,,,,
272,2019-07-08 23:00:00,11.431,64.6,,,,,
273,2019-07-08 23:30:00,11.431,32.3,,,,,
274,2019-07-09 00:00:00,11.431,10.8,,,,,
275,2019-07-09 00:30:00,11.431,0,,,,,
276,2019-07-09 01:00:00,11.334,0,,,,,
277,2019-07-09 01:30:00,11.236,0,,,,,
278,2019-07-09 02:00:00,11.139,0,,,,,
279,2019-07-09 02:30:00,11.139,10.8,,,,,
280,2019-07-09 03:00:00,11.139,43.1,,,,,
281,2019-07-09 03:30:00,11.139,86.1,,,,,
282,2019-07-09 04:00:00,11.139,129.2,,,,,
283,2019-07-09 04:30:00,11.236,247.6,,,,,
284,2019-07-09 05:00:00,11.139,322.9,,,,,
285,2019-07-09 05:30:00,11.139,505.9,,,,,
286,2019-07-09 06:00:00,11.139,828.8,,,,,
287,2019-07-09 06:30:00,11.139,1808.3,,,,,
288,2019-07-09 07:00:00,11.139,2152.8,,,,,
289,2019-07-09 07:30:00,11.139,2325,,,,,
290,2019-07-09 08:00:00,11.041,2238.9,,,,,
291,2019-07-09 08:30:00,11.139,2152.8,,,,,
292,2019-07-09 09:00:00,11.139,2583.4,,,,,
293,2019-07-09 09:30:00,11.139,2066.7,,,,,
294,2019-07-09 10:00:00,11.236,3272.2,,,,,
295,2019-07-09 10:30:00,11.236,3616.7,,,,,
296,2019-07-09 11:00:00,11.431,4822.3,,,,,
297,2019-07-09 11:30:00,11.334,5511.1,,,,,
298,2019-07-09 12:00:00,11.334,4133.4,,,,,
299,2019-07-09 12:30:00,11.431,3961.1,,,,,
300,2019-07-09 13:00:00,11.528,7577.8,,,,,
301,2019-07-09 13:30:00,11.431,4305.6,,,,,
302,2019-07-09 14:00:00,11.528,5166.7,,,,,
303,2019-07-09 14:30:00,11.528,2927.8,,,,,
304,2019-07-09 15:00:00,11.722,4133.4,,,,,
305,2019-07-09 15:30:00,11.819,2927.8,,,,,
306,2019-07-09 16:00:00,11.916,2927.8,,,,,
307,2019-07-09 16:30:00,12.013,2411.1,,,,,
308,2019-07-09 17:00:00,12.304,2325,,,,,
309,2019-07-09 17:30:00,12.497,1980.6,,,,,
310,2019-07-09 18:00:00,12.497,1636.1,,,,,
311,2019-07-09 18:30:00,12.594,1722.2,,,,,
312,2019-07-09 19:00:00,12.497,1463.9,,,,,
313,2019-07-09 19:30:00,12.497,1237.9,,,,,
314,2019-07-09 20:00:00,12.497,1097.9,,,,,
315,2019-07-09 20:30:00,12.497,1044.1,,,,,
316,2019-07-09 21:00:00,12.497,721.2,,,,,
317,2019-07-09 21:30:00,12.497,495.1,,,,,
318,2019-07-09 22:00:00,12.11,312.2,,,,,
319,2019-07-09 22:30:00,12.11,161.5,,,,,
320,2019-07-09 23:00:00,11.916,75.3,,,,,
321,2019-07-09 23:30:00,12.013,21.5,,,,,
322,2019-07-10 00:00:00,11.528,10.8,,,,,
323,2019-07-10 00:30:00,11.431,0,,,,,
324,2019-07-10 01:00:00,11.139,0,,,,,
325,2019-07-10 01:30:00,11.139,0,,,,,
326,2019-07-10 02:00:00,11.236,10.8,,,,,
327,2019-07-10 02:30:00,11.236,21.5,,,,,
328,2019-07-10 03:00:00,11.431,43.1,,,,,
329,2019-07-10 03:30:00,11.431,129.2,,,,,
330,2019-07-10 04:00:00,11.431,226,,,,,
331,2019-07-10 04:30:00,11.334,387.5,,,,,
332,2019-07-10 05:00:00,11.334,688.9,,,,,
333,2019-07-10 05:30:00,11.431,968.8,,,,,
334,2019-07-10 06:00:00,11.528,1345.5,,,,,
335,2019-07-10 06:30:00,11.431,1054.9,,,,,
336,2019-07-10 07:00:00,11.528,1894.5,,,,,
337,2019-07-10 07:30:00,11.625,2238.9,,,,,
338,2019-07-10 08:00:00,11.722,1550,,,,,
339,2019-07-10 08:30:00,11.819,3444.5,,,,,
340,2019-07-10 09:00:00,11.916,3444.5,,,,,
341,2019-07-10 09:30:00,11.819,3444.5,,,,,
342,2019-07-10 10:00:00,12.013,5338.9,,,,,
343,2019-07-10 10:30:00,11.916,5166.7,,,,,
344,2019-07-10 11:00:00,11.916,7233.4,,,,,
345,2019-07-10 11:30:00,11.916,7577.8,,,,,
346,2019-07-10 12:00:00,12.013,6544.5,,,,,
347,2019-07-10 12:30:00,12.11,7233.4,,,,,
348,2019-07-10 13:00:00,12.11,6544.5,,,,,
349,2019-07-10 13:30:00,12.207,8611.2,,,,,
350,2019-07-10 14:00:00,12.207,2927.8,,,,,
351,2019-07-10 14:30:00,12.207,3616.7,,,,,
352,2019-07-10 15:00:00,12.401,4822.3,,,,,
353,2019-07-10 15:30:00,12.497,4133.4,,,,,
354,2019-07-10 16:00:00,12.497,2755.6,,,,,
355,2019-07-10 16:30:00,12.787,1894.5,,,,,
356,2019-07-10 17:00:00,12.98,2152.8,,,,,
357,2019-07-10 17:30:00,13.076,2411.1,,,,,
358,2019-07-10 18:00:00,13.076,2066.7,,,,,
359,2019-07-10 18:30:00,13.173,1463.9,,,,,
360,2019-07-10 19:00:00,13.173,1130.2,,,,,
361,2019-07-10 19:30:00,13.173,925.7,,,,,
362,2019-07-10 20:00:00,13.173,828.8,,,,,
363,2019-07-10 20:30:00,13.173,462.9,,,,,
364,2019-07-10 21:00:00,13.173,258.3,,,,,
365,2019-07-10 21:30:00,13.173,215.3,,,,,
366,2019-07-10 22:00:00,13.076,279.9,,,,,
367,2019-07-10 22:30:00,13.269,150.7,,,,,
368,2019-07-10 23:00:00,12.883,75.3,,,,,
369,2019-07-10 23:30:00,13.076,21.5,,,,,
370,2019-07-11 00:00:00,13.173,10.8,,,,,
371,2019-07-11 00:30:00,12.69,0,,,,,
372,2019-07-11 01:00:00,12.69,0,,,,,
373,2019-07-11 01:30:00,12.69,0,,,,,
374,2019-07-11 02:00:00,12.787,0,,,,,
375,2019-07-11 02:30:00,13.076,0,,,,,
376,2019-07-11 03:00:00,13.076,10.8,,,,,
377,2019-07-11 03:30:00,13.076,43.1,,,,,
378,2019-07-11 04:00:00,13.076,96.9,,,,,
379,2019-07-11 04:30:00,13.076,269.1,,,,,
380,2019-07-11 05:00:00,12.98,484.4,,,,,
381,2019-07-11 05:30:00,12.883,570.5,,,,,
382,2019-07-11 06:00:00,12.883,549,,,,,
383,2019-07-11 06:30:00,12.883,549,,,,,
384,2019-07-11 07:00:00,12.883,721.2,,,,,
385,2019-07-11 07:30:00,12.883,979.5,,,,,
386,2019-07-11 08:00:00,12.883,1636.1,,,,,
387,2019-07-11 08:30:00,12.98,2238.9,,,,,
388,2019-07-11 09:00:00,12.98,2583.4,,,,,
389,2019-07-11 09:30:00,12.98,2497.2,,,,,
390,2019-07-11 10:00:00,13.076,2669.5,,,,,
391,2019-07-11 10:30:00,13.076,2927.8,,,,,
392,2019-07-11 11:00:00,12.98,2411.1,,,,,
393,2019-07-11 11:30:00,12.98,2238.9,,,,,
394,2019-07-11 12:00:00,12.98,2238.9,,,,,
395,2019-07-11 12:30:00,13.076,4133.4,,,,,
396,2019-07-11 13:00:00,13.076,3788.9,,,,,
397,2019-07-11 13:30:00,13.076,3616.7,,,,,
398,2019-07-11 14:00:00,13.173,4305.6,,,,,
399,2019-07-11 14:30:00,13.173,3100,,,,,
400,2019-07-11 15:00:00,13.269,3272.2,,,,,
401,2019-07-11 15:30:00,13.269,2497.2,,,,,
402,2019-07-11 16:00:00,13.269,2238.9,,,,,
403,2019-07-11 16:30:00,13.365,2669.5,,,,,
404,2019-07-11 17:00:00,13.365,2583.4,,,,,
405,2019-07-11 17:30:00,13.365,1722.2,,,,,
406,2019-07-11 18:00:00,13.365,1636.1,,,,,
407,2019-07-11 18:30:00,13.365,1377.8,,,,,
408,2019-07-11 19:00:00,13.461,1280.9,,,,,
409,2019-07-11 19:30:00,13.461,570.5,,,,,
410,2019-07-11 20:00:00,13.365,635.1,,,,,
411,2019-07-11 20:30:00,13.365,139.9,,,,,
412,2019-07-11 21:00:00,13.365,204.5,,,,,
413,2019-07-11 21:30:00,13.558,193.8,,,,,
414,2019-07-11 22:00:00,13.558,118.4,,,,,
415,2019-07-11 22:30:00,13.654,53.8,,,,,
416,2019-07-11 23:00:00,13.654,21.5,,,,,
417,2019-07-11 23:30:00,13.654,0,,,,,
418,2019-07-12 00:00:00,13.75,0,,,,,
419,2019-07-12 00:30:00,13.75,0,,,,,
420,2019-07-12 01:00:00,13.654,0,,,,,
421,2019-07-12 01:30:00,13.558,0,,,,,
422,2019-07-12 02:00:00,13.654,0,,,,,
423,2019-07-12 02:30:00,13.654,0,,,,,
424,2019-07-12 03:00:00,13.654,0,,,,,
425,2019-07-12 03:30:00,13.558,43.1,,,,,
426,2019-07-12 04:00:00,13.558,96.9,,,,,
427,2019-07-12 04:30:00,13.558,172.2,,,,,
428,2019-07-12 05:00:00,13.558,247.6,,,,,
429,2019-07-12 05:30:00,13.558,236.8,,,,,
430,2019-07-12 06:00:00,13.654,559.7,,,,,
431,2019-07-12 06:30:00,13.654,409,,,,,
432,2019-07-12 07:00:00,13.654,764.2,,,,,
433,2019-07-12 07:30:00,13.654,1356.3,,,,,
434,2019-07-12 08:00:00,13.558,1033.3,,,,,
435,2019-07-12 08:30:00,13.654,2583.4,,,,,
436,2019-07-12 09:00:00,13.942,3444.5,,,,,
437,2019-07-12 09:30:00,14.038,4994.5,,,,,
438,2019-07-12 10:00:00,13.942,2755.6,,,,,
439,2019-07-12 10:30:00,13.846,3100,,,,,
440,2019-07-12 11:00:00,13.942,3961.1,,,,,
441,2019-07-12 11:30:00,13.942,4822.3,,,,,
442,2019-07-12 12:00:00,14.038,8266.7,,,,,
443,2019-07-12 12:30:00,14.038,7577.8,,,,,
444,2019-07-12 13:00:00,14.038,4994.5,,,,,
445,2019-07-12 13:30:00,14.038,3444.5,,,,,
446,2019-07-12 14:00:00,14.038,2669.5,,,,,
447,2019-07-12 14:30:00,14.23,2325,,,,,
448,2019-07-12 15:00:00,14.325,2669.5,,,,,
449,2019-07-12 15:30:00,14.325,1345.5,,,,,
450,2019-07-12 16:00:00,14.325,1722.2,,,,,
451,2019-07-12 16:30:00,14.421,2238.9,,,,,
452,2019-07-12 17:00:00,14.517,1722.2,,,,,
453,2019-07-12 17:30:00,14.517,1894.5,,,,,
454,2019-07-12 18:00:00,14.517,1377.8,,,,,
455,2019-07-12 18:30:00,14.613,1463.9,,,,,
456,2019-07-12 19:00:00,14.613,1270.1,,,,,
457,2019-07-12 19:30:00,14.613,1097.9,,,,,
458,2019-07-12 20:00:00,14.709,828.8,,,,,
459,2019-07-12 20:30:00,14.709,635.1,,,,,
460,2019-07-12 21:00:00,14.613,441.3,,,,,
461,2019-07-12 21:30:00,14.517,398.3,,,,,
462,2019-07-12 22:00:00,14.517,269.1,,,,,
463,2019-07-12 22:30:00,14.517,183,,,,,
464,2019-07-12 23:00:00,14.613,64.6,,,,,
465,2019-07-12 23:30:00,14.421,10.8,,,,,
466,2019-07-13 00:00:00,14.23,0,,,,,
467,2019-07-13 00:30:00,14.23,0,,,,,
468,2019-07-13 01:00:00,14.23,0,,,,,
469,2019-07-13 01:30:00,14.134,0,,,,,
470,2019-07-13 02:00:00,14.134,0,,,,,
471,2019-07-13 02:30:00,14.038,0,,,,,
472,2019-07-13 03:00:00,14.038,10.8,,,,,
473,2019-07-13 03:30:00,14.038,32.3,,,,,
474,2019-07-13 04:00:00,14.038,86.1,,,,,
475,2019-07-13 04:30:00,14.134,150.7,,,,,
476,2019-07-13 05:00:00,14.134,204.5,,,,,
477,2019-07-13 05:30:00,14.134,279.9,,,,,
478,2019-07-13 06:00:00,14.23,624.3,,,,,
479,2019-07-13 06:30:00,14.23,764.2,,,,,
480,2019-07-13 07:00:00,14.23,1377.8,,,,,
481,2019-07-13 07:30:00,14.23,1808.3,,,,,
482,2019-07-13 08:00:00,14.23,1550,,,,,
483,2019-07-13 08:30:00,14.23,1894.5,,,,,
484,2019-07-13 09:00:00,14.23,1808.3,,,,,
485,2019-07-13 09:30:00,14.23,2927.8,,,,,
486,2019-07-13 10:00:00,14.23,3616.7,,,,,
487,2019-07-13 10:30:00,14.325,4650,,,,,
488,2019-07-13 11:00:00,14.325,4650,,,,,
489,2019-07-13 11:30:00,14.421,5338.9,,,,,
490,2019-07-13 12:00:00,14.23,2669.5,,,,,
491,2019-07-13 12:30:00,14.325,3616.7,,,,,
492,2019-07-13 13:00:00,14.517,4477.8,,,,,
493,2019-07-13 13:30:00,14.517,3788.9,,,,,
494,2019-07-13 14:00:00,14.709,5338.9,,,,,
495,2019-07-13 14:30:00,14.613,4650,,,,,
496,2019-07-13 15:00:00,14.613,2152.8,,,,,
497,2019-07-13 15:30:00,14.613,645.8,,,,,
498,2019-07-13 16:00:00,14.709,1980.6,,,,,
499,2019-07-13 16:30:00,14.9,2583.4,,,,,
500,2019-07-13 17:00:00,15.091,2325,,,,,
501,2019-07-13 17:30:00,15.091,1636.1,,,,,
502,2019-07-13 18:00:00,15.091,1377.8,,,,,
503,2019-07-13 18:30:00,15.091,1270.1,,,,,
504,2019-07-13 19:00:00,15.091,1151.7,,,,,
505,2019-07-13 19:30:00,15.091,721.2,,,,,
506,2019-07-13 20:00:00,15.091,516.7,,,,,
507,2019-07-13 20:30:00,15.091,258.3,,,,,
508,2019-07-13 21:00:00,15.091,161.5,,,,,
509,2019-07-13 21:30:00,15.091,53.8,,,,,
510,2019-07-13 22:00:00,15.187,21.5,,,,,
511,2019-07-13 22:30:00,15.091,21.5,,,,,
512,2019-07-13 23:00:00,15.091,21.5,,,,,
513,2019-07-13 23:30:00,15.091,0,,,,,
514,2019-07-14 00:00:00,15.091,0,,,,,
515,2019-07-14 00:30:00,15.091,0,,,,,
516,2019-07-14 01:00:00,15.091,0,,,,,
517,2019-07-14 01:30:00,14.996,0,,,,,
518,2019-07-14 02:00:00,14.996,0,,,,,
519,2019-07-14 02:30:00,14.9,0,,,,,
520,2019-07-14 03:00:00,14.804,0,,,,,
521,2019-07-14 03:30:00,14.709,10.8,,,,,
522,2019-07-14 04:00:00,14.613,32.3,,,,,
523,2019-07-14 04:30:00,14.421,64.6,,,,,
524,2019-07-14 05:00:00,14.421,86.1,,,,,
525,2019-07-14 05:30:00,14.421,118.4,,,,,
526,2019-07-14 06:00:00,14.421,312.2,,,,,
527,2019-07-14 06:30:00,14.23,559.7,,,,,
528,2019-07-14 07:00:00,14.325,721.2,,,,,
529,2019-07-14 07:30:00,14.23,1377.8,,,,,
530,2019-07-14 08:00:00,14.421,2669.5,,,,,
531,2019-07-14 08:30:00,14.325,850.4,,,,,
532,2019-07-14 09:00:00,14.517,4822.3,,,,,
533,2019-07-14 09:30:00,14.804,1636.1,,,,,
534,2019-07-14 10:00:00,14.613,2583.4,,,,,
535,2019-07-14 10:30:00,15.091,6200,,,,,
536,2019-07-14 11:00:00,14.996,3100,,,,,
537,2019-07-14 11:30:00,15.187,5166.7,,,,,
538,2019-07-14 12:00:00,15.282,6200,,,,,
539,2019-07-14 12:30:00,15.378,6200,,,,,
540,2019-07-14 13:00:00,15.282,1980.6,,,,,
541,2019-07-14 13:30:00,15.282,5511.1,,,,,
542,2019-07-14 14:00:00,15.378,3788.9,,,,,
543,2019-07-14 14:30:00,15.378,3444.5,,,,,
544,2019-07-14 15:00:00,15.378,2238.9,,,,,
545,2019-07-14 15:30:00,15.378,2497.2,,,,,
546,2019-07-14 16:00:00,15.378,1980.6,,,,,
547,2019-07-14 16:30:00,15.282,904.2,,,,,
548,2019-07-14 17:00:00,15.473,645.8,,,,,
549,2019-07-14 17:30:00,15.664,635.1,,,,,
550,2019-07-14 18:00:00,15.569,936.5,,,,,
551,2019-07-14 18:30:00,15.569,764.2,,,,,
552,2019-07-14 19:00:00,15.473,312.2,,,,,
553,2019-07-14 19:30:00,15.569,462.9,,,,,
554,2019-07-14 20:00:00,15.664,322.9,,,,,
555,2019-07-14 20:30:00,15.569,322.9,,,,,
556,2019-07-14 21:00:00,15.569,215.3,,,,,
557,2019-07-14 21:30:00,15.569,150.7,,,,,
558,2019-07-14 22:00:00,15.569,64.6,,,,,
559,2019-07-14 22:30:00,15.569,21.5,,,,,
560,2019-07-14 23:00:00,15.473,10.8,,,,,
561,2019-07-14 23:30:00,15.473,0,,,,,
562,2019-07-15 00:00:00,15.473,0,,,,,
563,2019-07-15 00:30:00,15.473,0,,,,,
564,2019-07-15 01:00:00,15.378,0,,,,,
565,2019-07-15 01:30:00,15.378,0,,,,,
566,2019-07-15 02:00:00,15.378,0,,,,,
567,2019-07-15 02:30:00,15.282,0,,,,,
568,2019-07-15 03:00:00,14.996,21.5,,,,,
569,2019-07-15 03:30:00,14.804,21.5,,,,,
570,2019-07-15 04:00:00,14.9,64.6,,,,,
571,2019-07-15 04:30:00,14.804,129.2,,,,,
572,2019-07-15 05:00:00,14.613,172.2,,,,,
573,2019-07-15 05:30:00,14.613,301.4,,,,,
574,2019-07-15 06:00:00,14.517,592,,,,,
575,2019-07-15 06:30:00,14.325,387.5,,,,,
576,2019-07-15 07:00:00,14.325,505.9,,,,,
577,2019-07-15 07:30:00,14.517,861.1,,,,,
578,2019-07-15 08:00:00,14.517,721.2,,,,,
579,2019-07-15 08:30:00,14.709,785.8,,,,,
580,2019-07-15 09:00:00,14.709,882.6,,,,,
581,2019-07-15 09:30:00,14.613,1033.3,,,,,
582,2019-07-15 10:00:00,14.709,1980.6,,,,,
583,2019-07-15 10:30:00,14.9,3272.2,,,,,
584,2019-07-15 11:00:00,14.804,4133.4,,,,,
585,2019-07-15 11:30:00,14.9,4650,,,,,
586,2019-07-15 12:00:00,14.996,4994.5,,,,,
587,2019-07-15 12:30:00,15.091,5166.7,,,,,
588,2019-07-15 13:00:00,15.282,7233.4,,,,,
589,2019-07-15 13:30:00,15.378,3444.5,,,,,
590,2019-07-15 14:00:00,19.282,30311.3,,,,,
591,2019-07-15 14:30:00,15.855,8611.2,,,,,
592,2019-07-15 15:00:00,15.855,6200,,,,,
593,2019-07-15 15:30:00,19.948,14466.8,,,,,
594,2019-07-15 16:00:00,15.664,4305.6,,,,,
595,2019-07-15 16:30:00,17.57,2755.6,,,,,
596,2019-07-15 17:00:00,15.76,3272.2,,,,,
597,2019-07-15 17:30:00,15.76,2325,,,,,
598,2019-07-15 18:00:00,15.76,2583.4,,,,,
599,2019-07-15 18:30:00,15.76,1980.6,,,,,
600,2019-07-15 19:00:00,15.76,1377.8,,,,,
601,2019-07-15 19:30:00,15.76,1108.7,,,,,
602,2019-07-15 20:00:00,16.046,914.9,,,,,
603,2019-07-15 20:30:00,16.141,699.7,,,,,
604,2019-07-15 21:00:00,16.237,236.8,,,,,
605,2019-07-15 21:30:00,16.141,344.4,,,,,
606,2019-07-15 22:00:00,16.141,258.3,,,,,
607,2019-07-15 22:30:00,16.141,107.6,,,,,
608,2019-07-15 23:00:00,16.046,21.5,,,,,
609,2019-07-15 23:30:00,16.046,0,,,,,
610,2019-07-16 00:00:00,16.046,0,,,,,
611,2019-07-16 00:30:00,16.046,0,,,,,
612,2019-07-16 01:00:00,16.046,0,,,,,
613,2019-07-16 01:30:00,16.046,0,,,,,
614,2019-07-16 02:00:00,16.046,0,,,,,
615,2019-07-16 02:30:00,15.951,0,,,,,
616,2019-07-16 03:00:00,15.951,0,,,,,
617,2019-07-16 03:30:00,15.951,0,,,,,
618,2019-07-16 04:00:00,15.951,64.6,,,,,
619,2019-07-16 04:30:00,15.951,53.8,,,,,
620,2019-07-16 05:00:00,15.951,172.2,,,,,
621,2019-07-16 05:30:00,15.951,473.6,,,,,
622,2019-07-16 06:00:00,16.046,828.8,,,,,
623,2019-07-16 06:30:00,16.141,430.6,,,,,
624,2019-07-16 07:00:00,16.141,624.3,,,,,
625,2019-07-16 07:30:00,16.237,1141,,,,,
626,2019-07-16 08:00:00,16.141,1636.1,,,,,
627,2019-07-16 08:30:00,16.141,1216.3,,,,,
628,2019-07-16 09:00:00,16.237,1636.1,,,,,
629,2019-07-16 09:30:00,16.237,1463.9,,,,,
630,2019-07-16 10:00:00,16.332,3272.2,,,,,
631,2019-07-16 10:30:00,16.332,4133.4,,,,,
632,2019-07-16 11:00:00,16.141,2238.9,,,,,
633,2019-07-16 11:30:00,16.141,3272.2,,,,,
634,2019-07-16 12:00:00,16.332,2411.1,,,,,
635,2019-07-16 12:30:00,16.332,1636.1,,,,,
636,2019-07-16 13:00:00,16.332,2755.6,,,,,
637,2019-07-16 13:30:00,16.427,2927.8,,,,,
638,2019-07-16 14:00:00,16.427,3444.5,,,,,
639,2019-07-16 14:30:00,16.427,2411.1,,,,,
640,2019-07-16 15:00:00,16.427,2583.4,,,,,
641,2019-07-16 15:30:00,16.332,1550,,,,,
642,2019-07-16 16:00:00,16.332,2238.9,,,,,
643,2019-07-16 16:30:00,16.332,1313.2,,,,,
644,2019-07-16 17:00:00,16.427,2238.9,,,,,
645,2019-07-16 17:30:00,16.332,1377.8,,,,,
646,2019-07-16 18:00:00,16.332,1377.8,,,,,
647,2019-07-16 18:30:00,16.332,1894.5,,,,,
648,2019-07-16 19:00:00,16.237,1216.3,,,,,
649,2019-07-16 19:30:00,16.141,1054.9,,,,,
650,2019-07-16 20:00:00,16.046,1636.1,,,,,
651,2019-07-16 20:30:00,15.951,1463.9,,,,,
652,2019-07-16 21:00:00,15.951,818.1,,,,,
653,2019-07-16 21:30:00,15.855,549,,,,,
654,2019-07-16 22:00:00,15.76,107.6,,,,,
655,2019-07-16 22:30:00,15.855,53.8,,,,,
656,2019-07-16 23:00:00,15.855,10.8,,,,,
657,2019-07-16 23:30:00,15.855,0,,,,,
658,2019-07-17 00:00:00,15.569,0,,,,,
659,2019-07-17 00:30:00,15.473,0,,,,,
660,2019-07-17 01:00:00,15.378,0,,,,,
661,2019-07-17 01:30:00,15.282,0,,,,,
662,2019-07-17 02:00:00,15.187,0,,,,,
663,2019-07-17 02:30:00,15.091,0,,,,,
664,2019-07-17 03:00:00,14.996,10.8,,,,,
665,2019-07-17 03:30:00,14.9,21.5,,,,,
666,2019-07-17 04:00:00,14.9,107.6,,,,,
667,2019-07-17 04:30:00,14.9,118.4,,,,,
668,2019-07-17 05:00:00,14.804,236.8,,,,,
669,2019-07-17 05:30:00,14.804,678.1,,,,,
670,2019-07-17 06:00:00,14.804,764.2,,,,,
671,2019-07-17 06:30:00,14.9,775,,,,,
672,2019-07-17 07:00:00,14.9,624.3,,,,,
673,2019-07-17 07:30:00,14.9,1894.5,,,,,
674,2019-07-17 08:00:00,14.996,1894.5,,,,,
675,2019-07-17 08:30:00,14.996,1636.1,,,,,
676,2019-07-17 09:00:00,14.996,2238.9,,,,,
677,2019-07-17 09:30:00,14.996,2755.6,,,,,
678,2019-07-17 10:00:00,15.091,1636.1,,,,,
679,2019-07-17 10:30:00,15.187,1980.6,,,,,
680,2019-07-17 11:00:00,15.282,4133.4,,,,,
681,2019-07-17 11:30:00,15.473,3616.7,,,,,
682,2019-07-17 12:00:00,15.473,2325,,,,,
683,2019-07-17 12:30:00,15.664,3444.5,,,,,
684,2019-07-17 13:00:00,15.664,2927.8,,,,,
685,2019-07-17 13:30:00,15.76,3616.7,,,,,
686,2019-07-17 14:00:00,15.664,1894.5,,,,,
687,2019-07-17 14:30:00,15.76,3444.5,,,,,
688,2019-07-17 15:00:00,15.951,5511.1,,,,,
689,2019-07-17 15:30:00,15.76,1108.7,,,,,
690,2019-07-17 16:00:00,15.951,3616.7,,,,,
691,2019-07-17 16:30:00,15.951,1980.6,,,,,
692,2019-07-17 17:00:00,15.951,1808.3,,,,,
693,2019-07-17 17:30:00,16.046,3100,,,,,
694,2019-07-17 18:00:00,15.951,1194.8,,,,,
695,2019-07-17 18:30:00,15.951,1076.4,,,,,
696,2019-07-17 19:00:00,15.951,828.8,,,,,
697,2019-07-17 19:30:00,15.855,570.5,,,,,
698,2019-07-17 20:00:00,15.855,807.3,,,,,
699,2019-07-17 20:30:00,15.855,441.3,,,,,
700,2019-07-17 21:00:00,15.855,505.9,,,,,
701,2019-07-17 21:30:00,15.855,236.8,,,,,
702,2019-07-17 22:00:00,15.855,118.4,,,,,
703,2019-07-17 22:30:00,15.855,86.1,,,,,
704,2019-07-17 23:00:00,15.76,21.5,,,,,
705,2019-07-17 23:30:00,15.76,0,,,,,
706,2019-07-18 00:00:00,15.76,0,,,,,
707,2019-07-18 00:30:00,15.76,0,,,,,
708,2019-07-18 01:00:00,15.664,0,,,,,
709,2019-07-18 01:30:00,15.664,0,,,,,
710,2019-07-18 02:00:00,15.664,0,,,,,
711,2019-07-18 02:30:00,15.664,0,,,,,
712,2019-07-18 03:00:00,15.664,0,,,,,
713,2019-07-18 03:30:00,15.664,0,,,,,
714,2019-07-18 04:00:00,15.569,43.1,,,,,
715,2019-07-18 04:30:00,15.569,96.9,,,,,
716,2019-07-18 05:00:00,15.569,183,,,,,
717,2019-07-18 05:30:00,15.569,322.9,,,,,
718,2019-07-18 06:00:00,15.569,1001,,,,,
719,2019-07-18 06:30:00,15.473,979.5,,,,,
720,2019-07-18 07:00:00,15.473,850.4,,,,,
721,2019-07-18 07:30:00,15.378,452.1,,,,,
722,2019-07-18 08:00:00,15.282,613.5,,,,,
723,2019-07-18 08:30:00,15.282,1022.6,,,,,
724,2019-07-18 09:00:00,15.378,1722.2,,,,,
725,2019-07-18 09:30:00,15.378,2497.2,,,,,
726,2019-07-18 10:00:00,15.378,3100,,,,,
727,2019-07-18 10:30:00,15.187,871.9,,,,,
728,2019-07-18 11:00:00,15.187,710.4,,,,,
729,2019-07-18 11:30:00,15.091,850.4,,,,,
730,2019-07-18 12:00:00,15.187,1463.9,,,,,
731,2019-07-18 12:30:00,15.187,1550,,,,,
732,2019-07-18 13:00:00,15.187,1270.1,,,,,
733,2019-07-18 13:30:00,15.187,1119.5,,,,,
734,2019-07-18 14:00:00,15.187,731.9,,,,,
735,2019-07-18 14:30:00,15.187,775,,,,,
736,2019-07-18 15:00:00,15.091,731.9,,,,,
737,2019-07-18 15:30:00,15.091,559.7,,,,,
738,2019-07-18 16:00:00,15.091,581.3,,,,,
739,2019-07-18 16:30:00,14.996,462.9,,,,,
740,2019-07-18 17:00:00,14.996,301.4,,,,,
741,2019-07-18 17:30:00,14.9,344.4,,,,,
742,2019-07-18 18:00:00,14.709,312.2,,,,,
743,2019-07-18 18:30:00,14.709,204.5,,,,,
744,2019-07-18 19:00:00,14.709,172.2,,,,,
745,2019-07-18 19:30:00,14.709,139.9,,,,,
746,2019-07-18 20:00:00,14.709,107.6,,,,,
747,2019-07-18 20:30:00,14.709,107.6,,,,,
748,2019-07-18 21:00:00,14.613,21.5,,,,,
749,2019-07-18 21:30:00,14.613,10.8,,,,,
750,2019-07-18 22:00:00,14.613,0,,,,,
751,2019-07-18 22:30:00,14.613,0,,,,,
752,2019-07-18 23:00:00,14.517,0,,,,,
753,2019-07-18 23:30:00,14.23,0,,,,,
754,2019-07-19 00:00:00,14.134,0,,,,,
755,2019-07-19 00:30:00,14.038,0,,,,,
756,2019-07-19 01:00:00,13.846,0,,,,,
757,2019-07-19 01:30:00,13.75,0,,,,,
758,2019-07-19 02:00:00,13.75,0,,,,,
759,2019-07-19 02:30:00,13.846,0,,,,,
760,2019-07-19 03:00:00,13.654,0,,,,,
761,2019-07-19 03:30:00,13.654,0,,,,,
762,2019-07-19 04:00:00,13.846,0,,,,,
763,2019-07-19 04:30:00,13.75,0,,,,,
764,2019-07-19 05:00:00,13.558,0,,,,,
765,2019-07-19 05:30:00,13.558,10.8,,,,,
766,2019-07-19 06:00:00,13.654,10.8,,,,,
767,2019-07-19 06:30:00,13.846,21.5,,,,,
768,2019-07-19 07:00:00,13.942,32.3,,,,,
769,2019-07-19 07:30:00,13.846,53.8,,,,,
770,2019-07-19 08:00:00,13.846,107.6,,,,,
771,2019-07-19 08:30:00,13.75,161.5,,,,,
772,2019-07-19 09:00:00,13.75,559.7,,,,,
773,2019-07-19 09:30:00,13.75,441.3,,,,,
774,2019-07-19 10:00:00,13.846,333.7,,,,,
775,2019-07-19 10:30:00,13.654,452.1,,,,,
776,2019-07-19 11:00:00,13.461,538.2,,,,,
777,2019-07-19 11:30:00,13.269,409,,,,,
778,2019-07-19 12:00:00,13.173,387.5,,,,,
779,2019-07-19 12:30:00,13.076,516.7,,,,,
780,2019-07-19 13:00:00,13.076,538.2,,,,,
781,2019-07-19 13:30:00,13.076,1194.8,,,,,
782,2019-07-19 14:00:00,13.076,936.5,,,,,
783,2019-07-19 14:30:00,13.076,699.7,,,,,
784,2019-07-19 15:00:00,13.076,355.2,,,,,
785,2019-07-19 15:30:00,13.076,441.3,,,,,
786,2019-07-19 16:00:00,13.076,366,,,,,
787,2019-07-19 16:30:00,13.076,753.5,,,,,
788,2019-07-19 17:00:00,12.98,452.1,,,,,
789,2019-07-19 17:30:00,12.98,430.6,,,,,
790,2019-07-19 18:00:00,12.98,344.4,,,,,
791,2019-07-19 18:30:00,12.883,193.8,,,,,
792,2019-07-19 19:00:00,12.787,376.7,,,,,
793,2019-07-19 19:30:00,12.69,150.7,,,,,
794,2019-07-19 20:00:00,12.594,215.3,,,,,
795,2019-07-19 20:30:00,12.497,150.7,,,,,
796,2019-07-19 21:00:00,12.497,96.9,,,,,
797,2019-07-19 21:30:00,12.401,64.6,,,,,
798,2019-07-19 22:00:00,12.304,32.3,,,,,
799,2019-07-19 22:30:00,12.11,10.8,,,,,
800,2019-07-19 23:00:00,12.013,0,,,,,
801,2019-07-19 23:30:00,12.013,0,,,,,
802,2019-07-20 00:00:00,11.916,0,,,,,
803,2019-07-20 00:30:00,11.916,0,,,,,
804,2019-07-20 01:00:00,11.916,0,,,,,
805,2019-07-20 01:30:00,11.916,0,,,,,
806,2019-07-20 02:00:00,11.916,0,,,,,
807,2019-07-20 02:30:00,11.916,0,,,,,
808,2019-07-20 03:00:00,11.916,0,,,,,
809,2019-07-20 03:30:00,11.916,0,,,,,
810,2019-07-20 04:00:00,11.916,21.5,,,,,
811,2019-07-20 04:30:00,11.722,43.1,,,,,
812,2019-07-20 05:00:00,11.625,86.1,,,,,
813,2019-07-20 05:30:00,11.625,129.2,,,,,
814,2019-07-20 06:00:00,11.722,322.9,,,,,
815,2019-07-20 06:30:00,11.722,398.3,,,,,
816,2019-07-20 07:00:00,11.722,549,,,,,
817,2019-07-20 07:30:00,11.722,527.4,,,,,
818,2019-07-20 08:00:00,11.819,527.4,,,,,
819,2019-07-20 08:30:00,11.819,667.4,,,,,
820,2019-07-20 09:00:00,11.916,613.5,,,,,
821,2019-07-20 09:30:00,11.916,807.3,,,,,
822,2019-07-20 10:00:00,11.916,958,,,,,
823,2019-07-20 10:30:00,12.013,1980.6,,,,,
824,2019-07-20 11:00:00,11.916,925.7,,,,,
825,2019-07-20 11:30:00,11.916,538.2,,,,,
826,2019-07-20 12:00:00,11.916,882.6,,,,,
827,2019-07-20 12:30:00,12.013,279.9,,,,,
828,2019-07-20 13:00:00,12.013,914.9,,,,,
829,2019-07-20 13:30:00,12.11,1636.1,,,,,
830,2019-07-20 14:00:00,12.11,1722.2,,,,,
831,2019-07-20 14:30:00,12.013,1108.7,,,,,
832,2019-07-20 15:00:00,12.11,1463.9,,,,,
833,2019-07-20 15:30:00,12.11,1894.5,,,,,
834,2019-07-20 16:00:00,12.207,1550,,,,,
835,2019-07-20 16:30:00,12.207,1377.8,,,,,
836,2019-07-20 17:00:00,12.207,1054.9,,,,,
837,2019-07-20 17:30:00,12.304,1722.2,,,,,
838,2019-07-20 18:00:00,12.207,376.7,,,,,
839,2019-07-20 18:30:00,12.304,613.5,,,,,
840,2019-07-20 19:00:00,12.304,688.9,,,,,
841,2019-07-20 19:30:00,12.304,635.1,,,,,
842,2019-07-20 20:00:00,12.304,505.9,,,,,
843,2019-07-20 20:30:00,12.304,193.8,,,,,
844,2019-07-20 21:00:00,12.401,161.5,,,,,
845,2019-07-20 21:30:00,12.207,118.4,,,,,
846,2019-07-20 22:00:00,12.304,32.3,,,,,
847,2019-07-20 22:30:00,12.207,10.8,,,,,
848,2019-07-20 23:00:00,12.207,0,,,,,
849,2019-07-20 23:30:00,12.11,0,,,,,
850,2019-07-21 00:00:00,12.11,0,,,,,
851,2019-07-21 00:30:00,12.11,0,,,,,
852,2019-07-21 01:00:00,12.11,0,,,,,
853,2019-07-21 01:30:00,12.013,0,,,,,
854,2019-07-21 02:00:00,11.916,0,,,,,
855,2019-07-21 02:30:00,11.722,0,,,,,
856,2019-07-21 03:00:00,11.722,0,,,,,
857,2019-07-21 03:30:00,11.625,0,,,,,
858,2019-07-21 04:00:00,11.528,32.3,,,,,
859,2019-07-21 04:30:00,11.528,75.3,,,,,
860,2019-07-21 05:00:00,11.528,150.7,,,,,
861,2019-07-21 05:30:00,11.625,150.7,,,,,
862,2019-07-21 06:00:00,11.528,107.6,,,,,
863,2019-07-21 06:30:00,11.625,129.2,,,,,
864,2019-07-21 07:00:00,11.625,366,,,,,
865,2019-07-21 07:30:00,11.625,495.1,,,,,
866,2019-07-21 08:00:00,11.722,538.2,,,,,
867,2019-07-21 08:30:00,11.625,333.7,,,,,
868,2019-07-21 09:00:00,11.625,731.9,,,,,
869,2019-07-21 09:30:00,11.528,279.9,,,,,
870,2019-07-21 10:00:00,11.528,398.3,,,,,
871,2019-07-21 10:30:00,11.528,215.3,,,,,
872,2019-07-21 11:00:00,11.528,570.5,,,,,
873,2019-07-21 11:30:00,11.722,1044.1,,,,,
874,2019-07-21 12:00:00,11.625,570.5,,,,,
875,2019-07-21 12:30:00,11.722,1377.8,,,,,
876,2019-07-21 13:00:00,11.722,635.1,,,,,
877,2019-07-21 13:30:00,11.722,1377.8,,,,,
878,2019-07-21 14:00:00,11.722,947.2,,,,,
879,2019-07-21 14:30:00,11.722,699.7,,,,,
880,2019-07-21 15:00:00,11.819,818.1,,,,,
881,2019-07-21 15:30:00,11.819,904.2,,,,,
882,2019-07-21 16:00:00,11.819,839.6,,,,,
883,2019-07-21 16:30:00,11.916,1313.2,,,,,
884,2019-07-21 17:00:00,11.819,538.2,,,,,
885,2019-07-21 17:30:00,11.819,366,,,,,
886,2019-07-21 18:00:00,11.916,505.9,,,,,
887,2019-07-21 18:30:00,12.013,581.3,,,,,
888,2019-07-21 19:00:00,12.11,366,,,,,
889,2019-07-21 19:30:00,12.207,96.9,,,,,
890,2019-07-21 20:00:00,12.207,86.1,,,,,
891,2019-07-21 20:30:00,12.304,21.5,,,,,
892,2019-07-21 21:00:00,12.207,32.3,,,,,
893,2019-07-21 21:30:00,12.304,0,,,,,
894,2019-07-21 22:00:00,12.207,32.3,,,,,
895,2019-07-21 22:30:00,12.207,0,,,,,
896,2019-07-21 23:00:00,12.207,0,,,,,
897,2019-07-21 23:30:00,12.207,0,,,,,
898,2019-07-22 00:00:00,12.11,0,,,,,
899,2019-07-22 00:30:00,12.11,0,,,,,
900,2019-07-22 01:00:00,12.304,0,,,,,
901,2019-07-22 01:30:00,12.401,0,,,,,
902,2019-07-22 02:00:00,12.594,0,,,,,
903,2019-07-22 02:30:00,12.594,0,,,,,
904,2019-07-22 03:00:00,12.497,0,,,,,
905,2019-07-22 03:30:00,12.497,0,,,,,
906,2019-07-22 04:00:00,12.497,0,,,,,
907,2019-07-22 04:30:00,12.497,0,,,,,
908,2019-07-22 05:00:00,12.207,10.8,,,,,
909,2019-07-22 05:30:00,12.11,21.5,,,,,
910,2019-07-22 06:00:00,12.013,43.1,,,,,
911,2019-07-22 06:30:00,12.013,96.9,,,,,
912,2019-07-22 07:00:00,11.916,75.3,,,,,
913,2019-07-22 07:30:00,11.916,150.7,,,,,
914,2019-07-22 08:00:00,11.916,226,,,,,
915,2019-07-22 08:30:00,12.013,387.5,,,,,
916,2019-07-22 09:00:00,12.11,333.7,,,,,
917,2019-07-22 09:30:00,12.11,312.2,,,,,
918,2019-07-22 10:00:00,12.11,301.4,,,,,
919,2019-07-22 10:30:00,12.11,828.8,,,,,
920,2019-07-22 11:00:00,12.11,409,,,,,
921,2019-07-22 11:30:00,12.207,731.9,,,,,
922,2019-07-22 12:00:00,12.11,366,,,,,
923,2019-07-22 12:30:00,12.207,538.2,,,,,
924,2019-07-22 13:00:00,12.207,699.7,,,,,
925,2019-07-22 13:30:00,12.304,592,,,,,
926,2019-07-22 14:00:00,12.304,398.3,,,,,
927,2019-07-22 14:30:00,11.041,3444.5,,,,,
928,2019-07-22 15:00:00,12.11,129.2,,,,,
929,2019-07-22 15:30:00,12.11,64.6,,,,,
930,2019-07-22 16:00:00,12.11,139.9,,,,,
931,2019-07-22 16:30:00,12.013,172.2,,,,,
932,2019-07-22 17:00:00,11.528,3444.5,,,,,
933,2019-07-22 17:30:00,12.11,925.7,,,,,
934,2019-07-22 18:00:00,12.11,2755.6,,,,,
935,2019-07-22 18:30:00,12.013,613.5,,,,,
936,2019-07-22 19:00:00,11.916,914.9,,,,,
937,2019-07-22 19:30:00,10.748,1237.9,,,,,
938,2019-07-22 20:00:00,10.357,3616.7,,,,,
939,2019-07-22 20:30:00,9.866,150.7,,,,,
940,2019-07-22 21:00:00,9.472,2497.2,,,,,
941,2019-07-22 21:30:00,9.866,2411.1,,,,,
942,2019-07-22 22:00:00,8.779,602.8,,,,,
943,2019-07-22 22:30:00,8.879,409,,,,,
944,2019-07-22 23:00:00,8.779,139.9,,,,,
945,2019-07-22 23:30:00,8.779,53.8,,,,,
946,2019-07-23 00:00:00,8.68,10.8,,,,,
947,2019-07-23 00:30:00,8.581,0,,,,,
948,2019-07-23 01:00:00,8.581,0,,,,,
949,2019-07-23 01:30:00,8.581,0,,,,,
950,2019-07-23 02:00:00,8.581,0,,,,,
951,2019-07-23 02:30:00,8.68,10.8,,,,,
952,2019-07-23 03:00:00,8.581,32.3,,,,,
953,2019-07-23 03:30:00,8.581,96.9,,,,,
954,2019-07-23 04:00:00,8.68,398.3,,,,,
955,2019-07-23 04:30:00,8.779,893.4,,,,,
956,2019-07-23 05:00:00,8.779,678.1,,,,,
957,2019-07-23 05:30:00,8.68,592,,,,,
958,2019-07-23 06:00:00,8.779,1022.6,,,,,
959,2019-07-23 06:30:00,8.978,1808.3,,,,,
960,2019-07-23 07:00:00,8.978,1130.2,,,,,
961,2019-07-23 07:30:00,9.077,1463.9,,,,,
962,2019-07-23 08:00:00,9.275,2411.1,,,,,
963,2019-07-23 08:30:00,9.373,2497.2,,,,,
964,2019-07-23 09:00:00,9.472,2927.8,,,,,
965,2019-07-23 09:30:00,9.866,4477.8,,,,,
966,2019-07-23 10:00:00,9.866,6200,,,,,
967,2019-07-23 10:30:00,10.161,7577.8,,,,,
968,2019-07-23 11:00:00,10.357,7577.8,,,,,
969,2019-07-23 11:30:00,11.431,11022.3,,,,,
970,2019-07-23 12:00:00,11.041,5166.7,,,,,
971,2019-07-23 12:30:00,11.431,7577.8,,,,,
972,2019-07-23 13:00:00,12.013,11711.2,,,,,
973,2019-07-23 13:30:00,21.282,172.2,,,,,
974,2019-07-23 13:35:00,,,,,Logged,,
975,2019-07-23 13:35:00,,,Logged,,,,
976,2019-07-23 13:35:00,,,,,,Logged,Logged